{"cameraMode":{"drawMode":0,"name":"Shaded","section":"Shading Mode"},"sceneLighting":true,"audioPlay":false,"sceneViewState":{"showFog":true,"showMaterialUpdate":false,"showSkybox":true,"showFlares":true,"showImageEffects":true,"showParticleSystems":true},"in2DMode":false,"pivot":{"x":-23.54718589782715,"y":16.572959899902345,"z":-6.8628997802734379},"rotation":{"x":0.05542602762579918,"y":0.040426596999168399,"z":-0.0022459826432168485,"w":0.9976415038108826},"size":12.066665649414063,"orthographic":false}